Name,Surname,Mail
Deborah,Addison,DeborahAddison.pro@gmail.com
Mona,Hill,MonaHill.pro@gmail.com
Kimberly,Shelton,KimberlyShelton.pro@gmail.com
Denis,Robinson,DenisRobinson.pro@gmail.com
Carmen,Gunn,CarmenGunn.pro@gmail.com
Nathan,Furnell,NathanFurnell.pro@gmail.com
Luke,Sinclair,LukeSinclair.pro@gmail.com
Fred,Callan,FredCallan.pro@gmail.com
Carter,Owen,CarterOwen.pro@gmail.com
Harry,Dobson,HarryDobson.pro@gmail.com
Ramon,Mccall,RamonMccall.pro@gmail.com
Fred,Wilton,FredWilton.pro@gmail.com
Nick,Sloan,NickSloan.pro@gmail.com
Kassandra,Jarrett,KassandraJarrett.pro@gmail.com
Russel,Larsen,RusselLarsen.pro@gmail.com
Rhea,Latham,RheaLatham.pro@gmail.com
Liliana,Todd,LilianaTodd.pro@gmail.com
Brad,Windsor,BradWindsor.pro@gmail.com
David,Russel,DavidRussel.pro@gmail.com
Carina,Robertson,CarinaRobertson.pro@gmail.com
Henry,Ainsworth,HenryAinsworth.pro@gmail.com
Chester,Carson,ChesterCarson.pro@gmail.com
Ronald,Varley,RonaldVarley.pro@gmail.com
Chester,Foxley,ChesterFoxley.pro@gmail.com
John,Underhill,JohnUnderhill.pro@gmail.com
Oliver,Page,OliverPage.pro@gmail.com
Rosa,Hunt,RosaHunt.pro@gmail.com
Fiona,Willis,FionaWillis.pro@gmail.com
Evelynn,Maxwell,EvelynnMaxwell.pro@gmail.com
Nicholas,Cadman,NicholasCadman.pro@gmail.com
Eduardo,Holmes,EduardoHolmes.pro@gmail.com
Marvin,Allcott,MarvinAllcott.pro@gmail.com
Domenic,Redfern,DomenicRedfern.pro@gmail.com
Lindsay,Michael,LindsayMichael.pro@gmail.com
Oliver,Yang,OliverYang.pro@gmail.com
Eduardo,Roberts,EduardoRoberts.pro@gmail.com
Carissa,King,CarissaKing.pro@gmail.com
Jane,Boyle,JaneBoyle.pro@gmail.com
Jasmine,Waterhouse,JasmineWaterhouse.pro@gmail.com
Logan,Ingham,LoganIngham.pro@gmail.com
Julianna,Rixon,JuliannaRixon.pro@gmail.com
Emery,Booth,EmeryBooth.pro@gmail.com
Gabriel,Ellery,GabrielEllery.pro@gmail.com
Hannah,Goldsmith,HannahGoldsmith.pro@gmail.com
Domenic,Tyrrell,DomenicTyrrell.pro@gmail.com
Nick,Jeffery,NickJeffery.pro@gmail.com
Chuck,Heaton,ChuckHeaton.pro@gmail.com
Doug,Clifford,DougClifford.pro@gmail.com
Ramon,Allington,RamonAllington.pro@gmail.com
Ron,Kennedy,RonKennedy.pro@gmail.com
Domenic,Potts,DomenicPotts.pro@gmail.com
Hadley,Farrell,HadleyFarrell.pro@gmail.com
Audrey,Bolton,AudreyBolton.pro@gmail.com
Tara,Dallas,TaraDallas.pro@gmail.com
Mason,Farrant,MasonFarrant.pro@gmail.com
Percy,Farrell,PercyFarrell.pro@gmail.com
Liam,Santos,LiamSantos.pro@gmail.com
Joseph,Gosling,JosephGosling.pro@gmail.com
Phoebe,Knight,PhoebeKnight.pro@gmail.com
Jackeline,Phillips,JackelinePhillips.pro@gmail.com
John,Stone,JohnStone.pro@gmail.com
Sienna,Edwards,SiennaEdwards.pro@gmail.com
Marilyn,Patel,MarilynPatel.pro@gmail.com
Taylor,Mitchell,TaylorMitchell.pro@gmail.com
Mark,Baker,MarkBaker.pro@gmail.com
Hayden,Wigley,HaydenWigley.pro@gmail.com
Kurt,Addis,KurtAddis.pro@gmail.com
Candice,Graham,CandiceGraham.pro@gmail.com
Chelsea,Wright,ChelseaWright.pro@gmail.com
Agnes,Irwin,AgnesIrwin.pro@gmail.com
Josh,Price,JoshPrice.pro@gmail.com
Barney,Spencer,BarneySpencer.pro@gmail.com
Aiden,Yarwood,AidenYarwood.pro@gmail.com
Noah,Wilkinson,NoahWilkinson.pro@gmail.com
Clint,Ellison,ClintEllison.pro@gmail.com
Liam,Zaoui,LiamZaoui.pro@gmail.com
Ellen,Simpson,EllenSimpson.pro@gmail.com
Kassandra,Coleman,KassandraColeman.pro@gmail.com
Amelia,Murray,AmeliaMurray.pro@gmail.com
Bob,Evans,BobEvans.pro@gmail.com
Elijah,Fall,ElijahFall.pro@gmail.com
Ruby,Blackwall,RubyBlackwall.pro@gmail.com
Erin,Watson,ErinWatson.pro@gmail.com
Sonya,Avery,SonyaAvery.pro@gmail.com
Barry,Hood,BarryHood.pro@gmail.com
Florence,Andrews,FlorenceAndrews.pro@gmail.com
Karen,Amstead,KarenAmstead.pro@gmail.com
Ethan,Quinton,EthanQuinton.pro@gmail.com
Enoch,Gilmore,EnochGilmore.pro@gmail.com
Amelia,Andrews,AmeliaAndrews.pro@gmail.com
Lynn,Bishop,LynnBishop.pro@gmail.com
Noah,Weldon,NoahWeldon.pro@gmail.com
Holly,London,HollyLondon.pro@gmail.com
Clint,Williams,ClintWilliams.pro@gmail.com
Melinda,Wallace,MelindaWallace.pro@gmail.com
Matthew,Plumb,MatthewPlumb.pro@gmail.com
Adeline,Khan,AdelineKhan.pro@gmail.com
Elijah,Olivier,ElijahOlivier.pro@gmail.com
Phillip,Shelton,PhillipShelton.pro@gmail.com
Abbey,Graham,AbbeyGraham.pro@gmail.com
